image_id,category
A0019.png,test
A0204.png,test
A0026.png,test
A0411.png,test
A0343.png,test
A0332.png,test
A0250.png,test
A0231.png,test
A0232.png,test
A0093.png,test
A0290.png,test
A0547.png,test
A0142.png,test
A0297.png,test
A0264.png,test
A0080.png,test
A0162.png,test
A0097.png,test
A0471.png,test
A0185.png,test
A0146.png,test
A0299.png,test
A0337.png,test
A0118.png,test
A0055.png,test
A0556.png,test
A0345.png,test
A0503.png,test
A0357.png,test
A0415.png,test
A0109.png,test
A0166.png,test
A0024.png,test
A0421.png,test
A0013.png,test
A0099.png,test
A0374.png,test
A0165.png,test
A0069.png,test
A0079.png,test
A0196.png,test
A0458.png,test
A0276.png,test
A0367.png,test
A0181.png,test
A0373.png,test
A0221.png,test
A0127.png,test
A0340.png,test
A0464.png,test
A0383.png,test
A0085.png,test
A0505.png,test
A0220.png,test
A0031.png,test
A0509.png,test
A0060.png,test
A0284.png,test
A0106.png,test
A0030.png,test
A0306.png,test
A0403.png,test
A0252.png,test
A0167.png,test
A0434.png,test
A0466.png,test
A0209.png,test
A0460.png,test
A0508.png,test
A0545.png,test
A0550.png,test
A0025.png,test
A0520.png,test
A0173.png,test
A0449.png,test
A0048.png,test
A0020.png,test
A0418.png,test
A0430.png,test
A0073.png,test
A0289.png,test
A0504.png,test
A0028.png,test
A0037.png,test
A0447.png,test
A0314.png,test
A0217.png,test
A0193.png,test
A0163.png,test
A0035.png,test
A0480.png,test
A0493.png,test
A0433.png,test
A0532.png,test
A0488.png,test
A0346.png,test
A0517.png,test
A0065.png,test
A0145.png,test
A0059.png,test
A0251.png,test
A0435.png,test
A0465.png,test
A0551.png,test
A0295.png,test
A0022.png,test
A0388.png,test
A0320.png,test
A0148.png,test
A0298.png,test
A0315.png,test
A0182.png,test
A0111.png,test
A0029.png,test
A0564.png,test
A0414.png,test
A0259.png,test
A0246.png,test
A0092.png,test
A0254.png,test
A0033.png,test
A0238.png,test
A0448.png,test
A0469.png,test
A0375.png,test
A0131.png,test
A0455.png,test
A0561.png,test
A0046.png,test
A0325.png,test
A0370.png,test
A0512.png,test
A0308.png,test
A0228.png,test
A0096.png,test
A0154.png,test
A0311.png,test
A0552.png,test
A0498.png,test
A0105.png,test
A0501.png,test
A0364.png,test
A0428.png,test
A0407.png,test
A0553.png,test
A0120.png,test
A0425.png,test
A0216.png,test
A0451.png,test
A0270.png,test
A0201.png,test
A0519.png,test
A0296.png,test
A0511.png,test
A0034.png,test
A0083.png,test
A0443.png,test
A0476.png,test
A0223.png,test
A0256.png,test
A0094.png,test
A0394.png,test
A0382.png,test
A0543.png,test
A0524.png,test
A0014.png,test
A0497.png,test
A0227.png,test
A0078.png,test
A0100.png,test
A0406.png,test
A0275.png,test
A0064.png,test
A0461.png,test
A0113.png,test
A0191.png,test
A0539.png,test
A0376.png,test
A0548.png,test
A0164.png,test
A0114.png,test
A0056.png,test
A0187.png,test
A0360.png,test
A0365.png,test
A0171.png,test
A0215.png,test
A0102.png,test
A0236.png,test
A0312.png,test
A0526.png,test
A0405.png,test
A0321.png,test
A0563.png,test
A0359.png,test
A0398.png,test
A0318.png,test
A0212.png,test
A0475.png,test
A0331.png,test
A0489.png,test
A0391.png,test
A0023.png,test
A0115.png,test
A0291.png,test
A0478.png,test
A0496.png,test
A0263.png,test
A0491.png,test
A0333.png,test
A0485.png,test
A0277.png,test
A0538.png,test
A0328.png,test
A0322.png,test
A0089.png,test
A0438.png,test
A0293.png,test
A0234.png,test
A0155.png,test
A0271.png,test
A0158.png,test
A0058.png,test
A0522.png,test
A0499.png,test
A0516.png,test
A0214.png,test
A0205.png,test
A0292.png,test
A0222.png,test
A0070.png,test
A0153.png,test
A0195.png,test
A0562.png,test
A0010.png,test
A0353.png,test
A0381.png,test
A0349.png,test
A0431.png,test
A0077.png,test
A0241.png,test
A0341.png,test
A0130.png,test
A0344.png,test
A0002.png,test
A0540.png,test
A0457.png,test
A0361.png,test
A0437.png,test
A0423.png,test
A0420.png,test
A0316.png,test
A0371.png,test
A0134.png,test
A0041.png,test
A0288.png,test
A0047.png,test
A0101.png,test
A0424.png,test
A0136.png,test
A0084.png,test
A0429.png,test
A0116.png,test
A0156.png,test
A0487.png,test
A0494.png,test
A0152.png,test
A0112.png,test
A0459.png,test
A0226.png,test
A0160.png,test
A0533.png,test
A0300.png,test
A0123.png,test
A0413.png,test
A0249.png,test
A0294.png,test
A0016.png,test
A0180.png,test
A0242.png,test
A0255.png,test
A0307.png,test
A0119.png,test
A0319.png,test
A0537.png,test
A0463.png,test
A0456.png,test
A0473.png,test
A0484.png,test
A0278.png,test
A0362.png,test
A0472.png,test
A0036.png,test
A0521.png,test
A0225.png,test
A0140.png,test
A0366.png,test
A0338.png,test
A0446.png,test
A0082.png,test
A0342.png,test
A0350.png,test
A0379.png,test
A0049.png,test
A0012.png,test
A0210.png,test
A0011.png,test
A0218.png,test
A0018.png,test
A0052.png,test
A0006.png,test
A0050.png,test
A0490.png,test
A0168.png,test
A0068.png,test
A0397.png,test
A0529.png,test
A0062.png,test
A0202.png,test
A0169.png,test
A0268.png,test
A0139.png,test
A0513.png,test
A0009.png,test
A0161.png,test
A0444.png,test
A0141.png,test
A0419.png,test
A0559.png,test
A0486.png,test
A0502.png,test
A0189.png,test
A0126.png,test
A0402.png,test
A0138.png,test
A0302.png,test
A0005.png,test
A0286.png,test
A0390.png,test
A0410.png,test
A0336.png,test
A0178.png,test
A0301.png,test
A0206.png,test
A0441.png,test
A0330.png,test
A0535.png,test
A0386.png,test
A0066.png,test
A0032.png,test
A0404.png,test
A0144.png,test
A0128.png,test
A0369.png,test
A0385.png,test
A0317.png,test
A0546.png,test
A0039.png,test
A0267.png,test
A0149.png,test
A0208.png,test
A0258.png,test
A0063.png,test
A0396.png,test
A0067.png,test
A0387.png,test
A0001.png,test
A0477.png,test
A0507.png,test
A0500.png,test
A0377.png,test
A0389.png,test
A0207.png,test
A0510.png,test
A0088.png,test
A0483.png,test
A0555.png,test
A0253.png,test
A0198.png,test
A0481.png,test
A0247.png,test
A0363.png,test
A0104.png,test
A0257.png,test
A0523.png,test
A0057.png,test
A0159.png,test
A0393.png,test
A0261.png,test
A0040.png,test
A0525.png,test
A0200.png,test
A0442.png,test
A0007.png,test
A0248.png,test
A0219.png,test
A0392.png,test
A0184.png,test
A0121.png,test
A0467.png,test
A0076.png,test
A0557.png,test
A0190.png,test
A0408.png,test
A0560.png,test
A0279.png,test
A0239.png,test
A0177.png,test
A0474.png,test
A0091.png,test
A0043.png,test
A0174.png,test
A0233.png,test
A0432.png,test
A0380.png,test
A0074.png,test
A0372.png,test
A0527.png,test
A0395.png,test
A0125.png,test
A0541.png,test
A0351.png,test
A0354.png,test
A0157.png,test
A0554.png,test
A0453.png,test
A0262.png,test
A0304.png,test
A0197.png,test
A0272.png,test
A0186.png,test
A0329.png,test
A0470.png,test
A0170.png,test
A0335.png,test
A0176.png,test
A0061.png,test
A0283.png,test
A0151.png,test
A0008.png,test
A0492.png,test
A0310.png,test
A0245.png,test
A0230.png,test
A0117.png,test
A0401.png,test
A0454.png,test
A0090.png,test
A0339.png,test
A0124.png,test
A0265.png,test
A0269.png,test
A0399.png,test
A0368.png,test
A0313.png,test
A0229.png,test
A0506.png,test
A0400.png,test
A0303.png,test
A0378.png,test
A0095.png,test
A0243.png,test
A0147.png,test
A0281.png,test
A0122.png,test
A0334.png,test
A0203.png,test
A0274.png,test
A0038.png,test
A0347.png,test
A0324.png,test
A0352.png,test
A0129.png,test
A0266.png,test
A0544.png,test
A0003.png,test
A0515.png,test
A0440.png,test
A0133.png,test
A0143.png,test
A0211.png,test
A0098.png,test
A0287.png,test
A0462.png,test
A0199.png,test
A0285.png,test
A0081.png,test
A0179.png,test
A0137.png,test
A0051.png,test
A0409.png,test
A0482.png,test
A0534.png,test
A0542.png,test
A0042.png,test
A0260.png,test
A0175.png,test
A0240.png,test
A0305.png,test
A0479.png,test
A0244.png,test
A0452.png,test
A0495.png,test
A0417.png,test
A0549.png,test
A0132.png,test
A0150.png,test
A0107.png,test
A0416.png,test
A0237.png,test
A0273.png,test
A0183.png,test
A0309.png,test
A0450.png,test
A0356.png,test
A0536.png,test
A0355.png,test
A0172.png,test
A0427.png,test
A0323.png,test
A0027.png,test
A0514.png,test
A0358.png,test
A0135.png,test
A0280.png,test
A0072.png,test
A0282.png,test
A0224.png,test
A0188.png,test
A0017.png,test
A0086.png,test
A0110.png,test
A0326.png,test
A0000.png,test
A0518.png,test
A0045.png,test
A0071.png,test
A0436.png,test
A0194.png,test
A0327.png,test
A0445.png,test
A0468.png,test
A0558.png,test
A0075.png,test
A0087.png,test
A0426.png,test
A0054.png,test
A0412.png,test
A0053.png,test
A0103.png,test
A0108.png,test
A0213.png,test
A0531.png,test
A0530.png,test
A0528.png,test
A0348.png,test
A0004.png,test
A0235.png,test
A0439.png,test
A0422.png,test
A0044.png,test
A0192.png,test
A0021.png,test
A0384.png,test
